{"cameraMode":{"drawMode":0,"name":"Shaded","section":"Shading Mode"},"sceneLighting":true,"audioPlay":false,"sceneViewState":{"m_AlwaysRefresh":false,"showFog":true,"showSkybox":true,"showFlares":true,"showImageEffects":true,"showParticleSystems":true,"showVisualEffectGraphs":true,"m_FxEnabled":true},"in2DMode":false,"pivot":{"x":127.61158752441406,"y":8.844292640686036,"z":108.61947631835938},"rotation":{"x":0.16725511848926545,"y":-0.7104100584983826,"z":0.17134779691696168,"w":0.6632513999938965},"size":0.8660253882408142,"orthographic":false}